Nombre,Dirección,Fecha Pedido,Ciudad,Email,Tarjeta Felicitación,Producto,Cantidad,Sexo,Edad
Robyn Hadlock,"Calle Maria de Molina 68, 2B, Madrid",3/12/2015,Madrid,robyn.hadlock@gmail.com,"Lorem ipsum dolor sit amet, consectetur adipiscing elit. Cras quis enim vestibulum, accumsan ex in, laoreet metus. Cras lacus arcu, aliquam euismod pulvinar in, mollis a libero. Maecenas massa diam, auctor nec mollis eu, placerat a tortor. Nulla facilisi. Vestibulum tincidunt tristique commodo. Fusce varius dictum tellus ac facilisis. Donec pulvinar mattis mauris, eu convallis urna feugiat nec. Nullam scelerisque orci quam, at lacinia diam ornare vitae.",7.00,2,Hombre,29
Darin Flournoy,"Calle Zurbano 51, 2A, Madrid",3/15/2015,Madrid,darin.flournoy@gmail.com,"Lorem ipsum dolor sit amet, consectetur adipiscing elit. Cras quis enim vestibulum, accumsan ex in, laoreet metus. Cras lacus arcu, aliquam euismod pulvinar in, mollis a libero. Maecenas massa diam, auctor nec mollis eu, placerat a tortor. Nulla facilisi. Vestibulum tincidunt tristique commodo. Fusce varius dictum tellus ac facilisis. Donec pulvinar mattis mauris, eu convallis urna feugiat nec. Nullam scelerisque orci quam, at lacinia diam ornare vitae.",7.00,1,Hombre,26
Marybeth Handy,"Calle Bailén 5, 4D, Madrid",3/16/2015,Madrid,marybeth.handy@gmail.com,"Lorem ipsum dolor sit amet, consectetur adipiscing elit. Cras quis enim vestibulum, accumsan ex in, laoreet metus. Cras lacus arcu, aliquam euismod pulvinar in, mollis a libero. Maecenas massa diam, auctor nec mollis eu, placerat a tortor. Nulla facilisi. Vestibulum tincidunt tristique commodo. Fusce varius dictum tellus ac facilisis. Donec pulvinar mattis mauris, eu convallis urna feugiat nec. Nullam scelerisque orci quam, at lacinia diam ornare vitae.",6.00,2,Hombre,21
Mikaela Bevington,"Calle Augusto Figeroa 87, 5C, Madrid",3/14/2015,Madrid,mikaela.bevington@gmail.com,"Lorem ipsum dolor sit amet, consectetur adipiscing elit. Cras quis enim vestibulum, accumsan ex in, laoreet metus. Cras lacus arcu, aliquam euismod pulvinar in, mollis a libero. Maecenas massa diam, auctor nec mollis eu, placerat a tortor. Nulla facilisi. Vestibulum tincidunt tristique commodo. Fusce varius dictum tellus ac facilisis. Donec pulvinar mattis mauris, eu convallis urna feugiat nec. Nullam scelerisque orci quam, at lacinia diam ornare vitae.",9.00,3,Hombre,48
Meg Ellisor,"Calle San Bartolomé 43, 6B, Madrid",3/12/2015,Madrid,meg.ellisor@gmail.com,"Lorem ipsum dolor sit amet, consectetur adipiscing elit. Cras quis enim vestibulum, accumsan ex in, laoreet metus. Cras lacus arcu, aliquam euismod pulvinar in, mollis a libero. Maecenas massa diam, auctor nec mollis eu, placerat a tortor. Nulla facilisi. Vestibulum tincidunt tristique commodo. Fusce varius dictum tellus ac facilisis. Donec pulvinar mattis mauris, eu convallis urna feugiat nec. Nullam scelerisque orci quam, at lacinia diam ornare vitae.",2.00,1,Mujer,30
Linh Rushton,"Calle Barquillo 56, 3A, Madrid",3/13/2015,Madrid,linh.rushton@gmail.com,"Lorem ipsum dolor sit amet, consectetur adipiscing elit. Cras quis enim vestibulum, accumsan ex in, laoreet metus. Cras lacus arcu, aliquam euismod pulvinar in, mollis a libero. Maecenas massa diam, auctor nec mollis eu, placerat a tortor. Nulla facilisi. Vestibulum tincidunt tristique commodo. Fusce varius dictum tellus ac facilisis. Donec pulvinar mattis mauris, eu convallis urna feugiat nec. Nullam scelerisque orci quam, at lacinia diam ornare vitae.",9.00,2,Hombre,28
Lynna Concha,"Calle Maria de Molina 80, 4C, Madrid",3/16/2015,Madrid,lynna.concha@gmail.com,"Lorem ipsum dolor sit amet, consectetur adipiscing elit. Cras quis enim vestibulum, accumsan ex in, laoreet metus. Cras lacus arcu, aliquam euismod pulvinar in, mollis a libero. Maecenas massa diam, auctor nec mollis eu, placerat a tortor. Nulla facilisi. Vestibulum tincidunt tristique commodo. Fusce varius dictum tellus ac facilisis. Donec pulvinar mattis mauris, eu convallis urna feugiat nec. Nullam scelerisque orci quam, at lacinia diam ornare vitae.",5.00,1,Mujer,24
Emma Danna,"Calle Núñez de Balboa 17, 2D, Madrid",3/17/2015,Madrid,emma.danna@gmail.com,"Lorem ipsum dolor sit amet, consectetur adipiscing elit. Cras quis enim vestibulum, accumsan ex in, laoreet metus. Cras lacus arcu, aliquam euismod pulvinar in, mollis a libero. Maecenas massa diam, auctor nec mollis eu, placerat a tortor. Nulla facilisi. Vestibulum tincidunt tristique commodo. Fusce varius dictum tellus ac facilisis. Donec pulvinar mattis mauris, eu convallis urna feugiat nec. Nullam scelerisque orci quam, at lacinia diam ornare vitae.",0.00,2,Mujer,41
Anissa Meisel,"Calle Sagasta 66, 3E, Barcelona",3/17/2015,Barcelona,anissa.meisel@gmail.com,"Lorem ipsum dolor sit amet, consectetur adipiscing elit. Cras quis enim vestibulum, accumsan ex in, laoreet metus. Cras lacus arcu, aliquam euismod pulvinar in, mollis a libero. Maecenas massa diam, auctor nec mollis eu, placerat a tortor. Nulla facilisi. Vestibulum tincidunt tristique commodo. Fusce varius dictum tellus ac facilisis. Donec pulvinar mattis mauris, eu convallis urna feugiat nec. Nullam scelerisque orci quam, at lacinia diam ornare vitae.",4.00,3,Mujer,34
Kelvin Ledwell,"Calle Genova 89, 4B, Barcelona",3/14/2015,Barcelona,kelvin.ledwell@gmail.com,"Lorem ipsum dolor sit amet, consectetur adipiscing elit. Cras quis enim vestibulum, accumsan ex in, laoreet metus. Cras lacus arcu, aliquam euismod pulvinar in, mollis a libero. Maecenas massa diam, auctor nec mollis eu, placerat a tortor. Nulla facilisi. Vestibulum tincidunt tristique commodo. Fusce varius dictum tellus ac facilisis. Donec pulvinar mattis mauris, eu convallis urna feugiat nec. Nullam scelerisque orci quam, at lacinia diam ornare vitae.",3.00,1,Mujer,34
Lola Schneiderman,"Calle Bailén 36, 6A, Barcelona",3/14/2015,Barcelona,lola.schneiderman@gmail.com,"Lorem ipsum dolor sit amet, consectetur adipiscing elit. Cras quis enim vestibulum, accumsan ex in, laoreet metus. Cras lacus arcu, aliquam euismod pulvinar in, mollis a libero. Maecenas massa diam, auctor nec mollis eu, placerat a tortor. Nulla facilisi. Vestibulum tincidunt tristique commodo. Fusce varius dictum tellus ac facilisis. Donec pulvinar mattis mauris, eu convallis urna feugiat nec. Nullam scelerisque orci quam, at lacinia diam ornare vitae.",9.00,2,Hombre,30
Gaynell Pettigrew,"Calle Zurbano 88, 2B, Barcelona",3/14/2015,Barcelona,gaynell.pettigrew@gmail.com,"Lorem ipsum dolor sit amet, consectetur adipiscing elit. Cras quis enim vestibulum, accumsan ex in, laoreet metus. Cras lacus arcu, aliquam euismod pulvinar in, mollis a libero. Maecenas massa diam, auctor nec mollis eu, placerat a tortor. Nulla facilisi. Vestibulum tincidunt tristique commodo. Fusce varius dictum tellus ac facilisis. Donec pulvinar mattis mauris, eu convallis urna feugiat nec. Nullam scelerisque orci quam, at lacinia diam ornare vitae.",8.00,1,Hombre,26
Jayson Mcneel,"Calle Bailén 89, 2A, Barcelona",3/15/2015,Barcelona,jayson.mcneel@gmail.com,"Lorem ipsum dolor sit amet, consectetur adipiscing elit. Cras quis enim vestibulum, accumsan ex in, laoreet metus. Cras lacus arcu, aliquam euismod pulvinar in, mollis a libero. Maecenas massa diam, auctor nec mollis eu, placerat a tortor. Nulla facilisi. Vestibulum tincidunt tristique commodo. Fusce varius dictum tellus ac facilisis. Donec pulvinar mattis mauris, eu convallis urna feugiat nec. Nullam scelerisque orci quam, at lacinia diam ornare vitae. Cras lacus arcu, aliquam euismod pulvinar in, mollis a libero. Maecenas massa diam, auctor nec mollis eu, placerat a tortor.",0.00,2,Mujer,43
Francene Weick,"Calle Augusto Figeroa 44, 3D, Barcelona",3/13/2015,Barcelona,francene.weick@gmail.com,"Lorem ipsum dolor sit amet, consectetur adipiscing elit. Cras quis enim vestibulum, accumsan ex in, laoreet metus. Cras lacus arcu, aliquam euismod pulvinar in, mollis a libero. Maecenas massa diam, auctor nec mollis eu, placerat a tortor. Nulla facilisi. Vestibulum tincidunt tristique commodo. Fusce varius dictum tellus ac facilisis. Donec pulvinar mattis mauris, eu convallis urna feugiat nec. Nullam scelerisque orci quam, at lacinia diam ornare vitae.",4.00,3,Mujer,28
Guy Slavin,"Calle San Bartolomé 86, 3C, Barcelona",3/14/2015,Barcelona,guy.slavin@gmail.com,"Lorem ipsum dolor sit amet, consectetur adipiscing elit. Cras quis enim vestibulum, accumsan ex in, laoreet metus. Cras lacus arcu, aliquam euismod pulvinar in, mollis a libero. Maecenas massa diam, auctor nec mollis eu, placerat a tortor. Nulla facilisi. Vestibulum tincidunt tristique commodo. Fusce varius dictum tellus ac facilisis. Donec pulvinar mattis mauris, eu convallis urna feugiat nec. Nullam scelerisque orci quam, at lacinia diam ornare vitae.",4.00,1,Mujer,46
Cherilyn Summerville,"Calle Barquillo 21, 1B, Barcelona",3/15/2015,Barcelona,cherilyn.summerville@gmail.com,"Lorem ipsum dolor sit amet, consectetur adipiscing elit. Cras quis enim vestibulum, accumsan ex in, laoreet metus. Cras lacus arcu, aliquam euismod pulvinar in, mollis a libero. Maecenas massa diam, auctor nec mollis eu, placerat a tortor. Nulla facilisi. Vestibulum tincidunt tristique commodo. Fusce varius dictum tellus ac facilisis. Donec pulvinar mattis mauris, eu convallis urna feugiat nec. Nullam scelerisque orci quam, at lacinia diam ornare vitae.",4.00,2,Mujer,48
Lashawnda Beecher,"Calle Maria de Molina 9, 4A, Barcelona",3/15/2015,Barcelona,lashawnda.beecher@gmail.com,"Lorem ipsum dolor sit amet, consectetur adipiscing elit. Cras quis enim vestibulum, accumsan ex in, laoreet metus. Cras lacus arcu, aliquam euismod pulvinar in, mollis a libero. Maecenas massa diam, auctor nec mollis eu, placerat a tortor. Nulla facilisi. Vestibulum tincidunt tristique commodo. Fusce varius dictum tellus ac facilisis. Donec pulvinar mattis mauris, eu convallis urna feugiat nec. Nullam scelerisque orci quam, at lacinia diam ornare vitae.",6.00,1,Hombre,25
Wilbur Reagle,"Calle Núñez de Balboa 62, 5C, Barcelona",3/15/2015,Barcelona,wilbur.reagle@gmail.com,"Lorem ipsum dolor sit amet, consectetur adipiscing elit. Cras quis enim vestibulum, accumsan ex in, laoreet metus. Cras lacus arcu, aliquam euismod pulvinar in, mollis a libero. Maecenas massa diam, auctor nec mollis eu, placerat a tortor. Nulla facilisi. Vestibulum tincidunt tristique commodo. Fusce varius dictum tellus ac facilisis. Donec pulvinar mattis mauris, eu convallis urna feugiat nec. Nullam scelerisque orci quam, at lacinia diam ornare vitae.",3.00,2,Mujer,26
Aretha Bonenfant,"Calle Sagasta 11, 3D, Valencia",3/13/2015,Valencia,aretha.bonenfant@gmail.com,"Lorem ipsum dolor sit amet, consectetur adipiscing elit. Cras quis enim vestibulum, accumsan ex in, laoreet metus. Cras lacus arcu, aliquam euismod pulvinar in, mollis a libero. Maecenas massa diam, auctor nec mollis eu, placerat a tortor. Nulla facilisi. Vestibulum tincidunt tristique commodo. Fusce varius dictum tellus ac facilisis. Donec pulvinar mattis mauris, eu convallis urna feugiat nec. Nullam scelerisque orci quam, at lacinia diam ornare vitae.",9.00,3,Hombre,29
Carolin Clough,"Calle Genova 51, 3E, Valencia",3/15/2015,Valencia,carolin.clough@gmail.com,"Lorem ipsum dolor sit amet, consectetur adipiscing elit. Cras quis enim vestibulum, accumsan ex in, laoreet metus. Cras lacus arcu, aliquam euismod pulvinar in, mollis a libero. Maecenas massa diam, auctor nec mollis eu, placerat a tortor. Nulla facilisi. Vestibulum tincidunt tristique commodo. Fusce varius dictum tellus ac facilisis. Donec pulvinar mattis mauris, eu convallis urna feugiat nec. Nullam scelerisque orci quam, at lacinia diam ornare vitae.",0.00,1,Mujer,25
Asia Mossey,"Calle Bailén 78, 1B, Valencia",3/16/2015,Valencia,asia.mossey@gmail.com,"Lorem ipsum dolor sit amet, consectetur adipiscing elit. Cras quis enim vestibulum, accumsan ex in, laoreet metus. Cras lacus arcu, aliquam euismod pulvinar in, mollis a libero. Maecenas massa diam, auctor nec mollis eu, placerat a tortor. Nulla facilisi. Vestibulum tincidunt tristique commodo. Fusce varius dictum tellus ac facilisis. Donec pulvinar mattis mauris, eu convallis urna feugiat nec. Nullam scelerisque orci quam, at lacinia diam ornare vitae.",9.00,2,Hombre,39
Dodie Kaba,"Calle Zurbano 16, 6A, Valencia",3/17/2015,Valencia,dodie.kaba@gmail.com,"Lorem ipsum dolor sit amet, consectetur adipiscing elit. Cras quis enim vestibulum, accumsan ex in, laoreet metus. Cras lacus arcu, aliquam euismod pulvinar in, mollis a libero. Maecenas massa diam, auctor nec mollis eu, placerat a tortor. Nulla facilisi. Vestibulum tincidunt tristique commodo. Fusce varius dictum tellus ac facilisis. Donec pulvinar mattis mauris, eu convallis urna feugiat nec. Nullam scelerisque orci quam, at lacinia diam ornare vitae.",4.00,1,Mujer,50
Stephaine Connelly,"Calle Bailén 29, 2B, Valencia",3/15/2015,Valencia,stephaine.connelly@gmail.com,"Lorem ipsum dolor sit amet, consectetur adipiscing elit. Cras quis enim vestibulum, accumsan ex in, laoreet metus. Cras lacus arcu, aliquam euismod pulvinar in, mollis a libero. Maecenas massa diam, auctor nec mollis eu, placerat a tortor. Nulla facilisi. Vestibulum tincidunt tristique commodo. Fusce varius dictum tellus ac facilisis. Donec pulvinar mattis mauris, eu convallis urna feugiat nec. Nullam scelerisque orci quam, at lacinia diam ornare vitae.",8.00,2,Hombre,34
Lakeesha Trantham,"Calle Augusto Figeroa 60, 1A, Valencia",3/16/2015,Valencia,lakeesha.trantham@gmail.com,"Lorem ipsum dolor sit amet, consectetur adipiscing elit. Cras quis enim vestibulum, accumsan ex in, laoreet metus. Cras lacus arcu, aliquam euismod pulvinar in, mollis a libero. Maecenas massa diam, auctor nec mollis eu, placerat a tortor. Nulla facilisi. Vestibulum tincidunt tristique commodo. Fusce varius dictum tellus ac facilisis. Donec pulvinar mattis mauris, eu convallis urna feugiat nec. Nullam scelerisque orci quam, at lacinia diam ornare vitae.",3.00,3,Mujer,32
Zachary Boyster,"Calle San Bartolomé 6, 2D, Valencia",3/14/2015,Valencia,zachary.boyster@gmail.com,"Lorem ipsum dolor sit amet, consectetur adipiscing elit. Cras quis enim vestibulum, accumsan ex in, laoreet metus. Cras lacus arcu, aliquam euismod pulvinar in, mollis a libero. Maecenas massa diam, auctor nec mollis eu, placerat a tortor. Nulla facilisi. Vestibulum tincidunt tristique commodo. Fusce varius dictum tellus ac facilisis. Donec pulvinar mattis mauris, eu convallis urna feugiat nec. Nullam scelerisque orci quam, at lacinia diam ornare vitae.",6.00,1,Hombre,46
Elene Hammon,"Calle Barquillo 19, 2C, Valencia",3/16/2015,Valencia,elene.hammon@gmail.com,"Lorem ipsum dolor sit amet, consectetur adipiscing elit. Cras quis enim vestibulum, accumsan ex in, laoreet metus. Cras lacus arcu, aliquam euismod pulvinar in, mollis a libero. Maecenas massa diam, auctor nec mollis eu, placerat a tortor. Nulla facilisi. Vestibulum tincidunt tristique commodo. Fusce varius dictum tellus ac facilisis. Donec pulvinar mattis mauris, eu convallis urna feugiat nec. Nullam scelerisque orci quam, at lacinia diam ornare vitae.",2.00,2,Mujer,27
Shemika Allmon,"Calle Maria de Molina 68, 5B, Bilbao",3/13/2015,Bilbao,shemika.allmon@gmail.com,"Lorem ipsum dolor sit amet, consectetur adipiscing elit. Cras quis enim vestibulum, accumsan ex in, laoreet metus. Cras lacus arcu, aliquam euismod pulvinar in, mollis a libero. Maecenas massa diam, auctor nec mollis eu, placerat a tortor. Nulla facilisi. Vestibulum tincidunt tristique commodo. Fusce varius dictum tellus ac facilisis. Donec pulvinar mattis mauris, eu convallis urna feugiat nec. Nullam scelerisque orci quam, at lacinia diam ornare vitae.",1.00,1,Mujer,22
Scarlett Solar,"Calle Núñez de Balboa 36, 2A, Bilbao",3/15/2015,Bilbao,scarlett.solar@gmail.com,"Lorem ipsum dolor sit amet, consectetur adipiscing elit. Cras quis enim vestibulum, accumsan ex in, laoreet metus. Cras lacus arcu, aliquam euismod pulvinar in, mollis a libero. Maecenas massa diam, auctor nec mollis eu, placerat a tortor. Nulla facilisi. Vestibulum tincidunt tristique commodo. Fusce varius dictum tellus ac facilisis. Donec pulvinar mattis mauris, eu convallis urna feugiat nec. Nullam scelerisque orci quam, at lacinia diam ornare vitae.",5.00,2,Mujer,29
Pasty Casali,"Calle Sagasta 99, 4C, Bilbao",3/16/2015,Bilbao,pasty.casali@gmail.com,"Lorem ipsum dolor sit amet, consectetur adipiscing elit. Cras quis enim vestibulum, accumsan ex in, laoreet metus. Cras lacus arcu, aliquam euismod pulvinar in, mollis a libero. Maecenas massa diam, auctor nec mollis eu, placerat a tortor. Nulla facilisi. Vestibulum tincidunt tristique commodo. Fusce varius dictum tellus ac facilisis. Donec pulvinar mattis mauris, eu convallis urna feugiat nec. Nullam scelerisque orci quam, at lacinia diam ornare vitae.",4.00,3,Mujer,45
Tyson Bastien,"Calle Genova 91, 6D, Bilbao",3/14/2015,Bilbao,tyson.bastien@gmail.com,"Lorem ipsum dolor sit amet, consectetur adipiscing elit. Cras quis enim vestibulum, accumsan ex in, laoreet metus. Cras lacus arcu, aliquam euismod pulvinar in, mollis a libero. Maecenas massa diam, auctor nec mollis eu, placerat a tortor. Nulla facilisi. Vestibulum tincidunt tristique commodo. Fusce varius dictum tellus ac facilisis. Donec pulvinar mattis mauris, eu convallis urna feugiat nec. Nullam scelerisque orci quam, at lacinia diam ornare vitae.",1.00,1,Mujer,43
Candida Tack,"Calle Bailén 36, 4E, Bilbao",3/12/2015,Bilbao,candida.tack@gmail.com,"Lorem ipsum dolor sit amet, consectetur adipiscing elit. Cras quis enim vestibulum, accumsan ex in, laoreet metus. Cras lacus arcu, aliquam euismod pulvinar in, mollis a libero. Maecenas massa diam, auctor nec mollis eu, placerat a tortor. Nulla facilisi. Vestibulum tincidunt tristique commodo. Fusce varius dictum tellus ac facilisis. Donec pulvinar mattis mauris, eu convallis urna feugiat nec. Nullam scelerisque orci quam, at lacinia diam ornare vitae.",2.00,2,Mujer,24
Reba Lucia,"Calle Zurbano 87, 3B, Bilbao",3/14/2015,Bilbao,reba.lucia@gmail.com,"Lorem ipsum dolor sit amet, consectetur adipiscing elit. Cras quis enim vestibulum, accumsan ex in, laoreet metus. Cras lacus arcu, aliquam euismod pulvinar in, mollis a libero. Maecenas massa diam, auctor nec mollis eu, placerat a tortor. Nulla facilisi. Vestibulum tincidunt tristique commodo. Fusce varius dictum tellus ac facilisis. Donec pulvinar mattis mauris, eu convallis urna feugiat nec. Nullam scelerisque orci quam, at lacinia diam ornare vitae.",7.00,1,Hombre,37
Earle Underhill,"Calle Bailén 2, 3A, Bilbao",3/16/2015,Bilbao,earle.underhill@gmail.com,"Lorem ipsum dolor sit amet, consectetur adipiscing elit. Cras quis enim vestibulum, accumsan ex in, laoreet metus. Cras lacus arcu, aliquam euismod pulvinar in, mollis a libero. Maecenas massa diam, auctor nec mollis eu, placerat a tortor. Nulla facilisi. Vestibulum tincidunt tristique commodo. Fusce varius dictum tellus ac facilisis. Donec pulvinar mattis mauris, eu convallis urna feugiat nec. Nullam scelerisque orci quam, at lacinia diam ornare vitae.",3.00,2,Mujer,22
Tena Hutter,"Calle Augusto Figeroa 16, 4B, Bilbao",3/12/2015,Bilbao,tena.hutter@gmail.com,"Lorem ipsum dolor sit amet, consectetur adipiscing elit. Cras quis enim vestibulum, accumsan ex in, laoreet metus. Cras lacus arcu, aliquam euismod pulvinar in, mollis a libero. Maecenas massa diam, auctor nec mollis eu, placerat a tortor. Nulla facilisi. Vestibulum tincidunt tristique commodo. Fusce varius dictum tellus ac facilisis. Donec pulvinar mattis mauris, eu convallis urna feugiat nec. Nullam scelerisque orci quam, at lacinia diam ornare vitae.",3.00,3,Mujer,25
Angelica Woolwine,"Calle San Bartolomé 76, 6A, Bilbao",3/16/2015,Bilbao,angelica.woolwine@gmail.com,"Lorem ipsum dolor sit amet, consectetur adipiscing elit. Cras quis enim vestibulum, accumsan ex in, laoreet metus. Cras lacus arcu, aliquam euismod pulvinar in, mollis a libero. Maecenas massa diam, auctor nec mollis eu, placerat a tortor. Nulla facilisi. Vestibulum tincidunt tristique commodo. Fusce varius dictum tellus ac facilisis. Donec pulvinar mattis mauris, eu convallis urna feugiat nec. Nullam scelerisque orci quam, at lacinia diam ornare vitae.",8.00,1,Hombre,23
Janey Doody,"Calle Barquillo 0, 3D, Bilbao",3/16/2015,Bilbao,janey.doody@gmail.com,"Lorem ipsum dolor sit amet, consectetur adipiscing elit. Cras quis enim vestibulum, accumsan ex in, laoreet metus. Cras lacus arcu, aliquam euismod pulvinar in, mollis a libero. Maecenas massa diam, auctor nec mollis eu, placerat a tortor. Nulla facilisi. Vestibulum tincidunt tristique commodo. Fusce varius dictum tellus ac facilisis. Donec pulvinar mattis mauris, eu convallis urna feugiat nec. Nullam scelerisque orci quam, at lacinia diam ornare vitae.",0.00,2,Mujer,31
Barbar Randel,"Calle Maria de Molina 81, 1C, Bilbao",3/17/2015,Bilbao,barbar.randel@gmail.com,"Lorem ipsum dolor sit amet, consectetur adipiscing elit. Cras quis enim vestibulum, accumsan ex in, laoreet metus. Cras lacus arcu, aliquam euismod pulvinar in, mollis a libero. Maecenas massa diam, auctor nec mollis eu, placerat a tortor. Nulla facilisi. Vestibulum tincidunt tristique commodo. Fusce varius dictum tellus ac facilisis. Donec pulvinar mattis mauris, eu convallis urna feugiat nec. Nullam scelerisque orci quam, at lacinia diam ornare vitae.",1.00,1,Mujer,31
Magnolia Tavera,"Calle Núñez de Balboa 36, 2B, Bilbao",3/17/2015,Bilbao,magnolia.tavera@gmail.com,"Lorem ipsum dolor sit amet, consectetur adipiscing elit. Cras quis enim vestibulum, accumsan ex in, laoreet metus. Cras lacus arcu, aliquam euismod pulvinar in, mollis a libero. Maecenas massa diam, auctor nec mollis eu, placerat a tortor. Nulla facilisi. Vestibulum tincidunt tristique commodo. Fusce varius dictum tellus ac facilisis. Donec pulvinar mattis mauris, eu convallis urna feugiat nec. Nullam scelerisque orci quam, at lacinia diam ornare vitae.",0.00,2,Mujer,22
Tanner Hofmeister,"Calle Sagasta 63, 2A, Sevilla",3/15/2015,Sevilla,tanner.hofmeister@gmail.com,"Lorem ipsum dolor sit amet, consectetur adipiscing elit. Cras quis enim vestibulum, accumsan ex in, laoreet metus. Cras lacus arcu, aliquam euismod pulvinar in, mollis a libero. Maecenas massa diam, auctor nec mollis eu, placerat a tortor. Nulla facilisi. Vestibulum tincidunt tristique commodo. Fusce varius dictum tellus ac facilisis. Donec pulvinar mattis mauris, eu convallis urna feugiat nec. Nullam scelerisque orci quam, at lacinia diam ornare vitae.",1.00,3,Mujer,47
Sarita Turnbull,"Calle Genova 7, 4C, Sevilla",3/17/2015,Sevilla,sarita.turnbull@gmail.com,"Lorem ipsum dolor sit amet, consectetur adipiscing elit. Cras quis enim vestibulum, accumsan ex in, laoreet metus. Cras lacus arcu, aliquam euismod pulvinar in, mollis a libero. Maecenas massa diam, auctor nec mollis eu, placerat a tortor. Nulla facilisi. Vestibulum tincidunt tristique commodo. Fusce varius dictum tellus ac facilisis. Donec pulvinar mattis mauris, eu convallis urna feugiat nec. Nullam scelerisque orci quam, at lacinia diam ornare vitae.",0.00,1,Mujer,27
Annelle Heit,"Calle Bailén 48, 2D, Sevilla",3/15/2015,Sevilla,annelle.heit@gmail.com,"Lorem ipsum dolor sit amet, consectetur adipiscing elit. Cras quis enim vestibulum, accumsan ex in, laoreet metus. Cras lacus arcu, aliquam euismod pulvinar in, mollis a libero. Maecenas massa diam, auctor nec mollis eu, placerat a tortor. Nulla facilisi. Vestibulum tincidunt tristique commodo. Fusce varius dictum tellus ac facilisis. Donec pulvinar mattis mauris, eu convallis urna feugiat nec. Nullam scelerisque orci quam, at lacinia diam ornare vitae.",4.00,2,Mujer,24
Jeremiah Scull,"Calle Zurbano 77, 5E, Sevilla",3/15/2015,Sevilla,jeremiah.scull@gmail.com,"Lorem ipsum dolor sit amet, consectetur adipiscing elit. Cras quis enim vestibulum, accumsan ex in, laoreet metus. Cras lacus arcu, aliquam euismod pulvinar in, mollis a libero. Maecenas massa diam, auctor nec mollis eu, placerat a tortor. Nulla facilisi. Vestibulum tincidunt tristique commodo. Fusce varius dictum tellus ac facilisis. Donec pulvinar mattis mauris, eu convallis urna feugiat nec. Nullam scelerisque orci quam, at lacinia diam ornare vitae.",10.00,1,Hombre,32
Larisa Burrough,"Calle Bailén 52, 3B, Sevilla",3/17/2015,Sevilla,larisa.burrough@gmail.com,"Lorem ipsum dolor sit amet, consectetur adipiscing elit. Cras quis enim vestibulum, accumsan ex in, laoreet metus. Cras lacus arcu, aliquam euismod pulvinar in, mollis a libero. Maecenas massa diam, auctor nec mollis eu, placerat a tortor. Nulla facilisi. Vestibulum tincidunt tristique commodo. Fusce varius dictum tellus ac facilisis. Donec pulvinar mattis mauris, eu convallis urna feugiat nec. Nullam scelerisque orci quam, at lacinia diam ornare vitae.",3.00,2,Mujer,36
Rachel Phipps,"Calle Augusto Figeroa 14, 3A, Sevilla",3/15/2015,Sevilla,rachel.phipps@gmail.com,"Lorem ipsum dolor sit amet, consectetur adipiscing elit. Cras quis enim vestibulum, accumsan ex in, laoreet metus. Cras lacus arcu, aliquam euismod pulvinar in, mollis a libero. Maecenas massa diam, auctor nec mollis eu, placerat a tortor. Nulla facilisi. Vestibulum tincidunt tristique commodo. Fusce varius dictum tellus ac facilisis. Donec pulvinar mattis mauris, eu convallis urna feugiat nec. Nullam scelerisque orci quam, at lacinia diam ornare vitae.",9.00,3,Hombre,32
Robbyn Fulop,"Calle San Bartolomé 87, 2B, Sevilla",3/12/2015,Sevilla,robbyn.fulop@gmail.com,"Lorem ipsum dolor sit amet, consectetur adipiscing elit. Cras quis enim vestibulum, accumsan ex in, laoreet metus. Cras lacus arcu, aliquam euismod pulvinar in, mollis a libero. Maecenas massa diam, auctor nec mollis eu, placerat a tortor. Nulla facilisi. Vestibulum tincidunt tristique commodo. Fusce varius dictum tellus ac facilisis. Donec pulvinar mattis mauris, eu convallis urna feugiat nec. Nullam scelerisque orci quam, at lacinia diam ornare vitae.",10.00,1,Hombre,35
Refugia Stlawrence,"Calle Barquillo 18, 3A, Sevilla",3/16/2015,Sevilla,refugia.stlawrence@gmail.com,"Lorem ipsum dolor sit amet, consectetur adipiscing elit. Cras quis enim vestibulum, accumsan ex in, laoreet metus. Cras lacus arcu, aliquam euismod pulvinar in, mollis a libero. Maecenas massa diam, auctor nec mollis eu, placerat a tortor. Nulla facilisi. Vestibulum tincidunt tristique commodo. Fusce varius dictum tellus ac facilisis. Donec pulvinar mattis mauris, eu convallis urna feugiat nec. Nullam scelerisque orci quam, at lacinia diam ornare vitae.",9.00,2,Hombre,25
Chantal Clermont,"Calle Maria de Molina 62, 5D, Sevilla",3/13/2015,Sevilla,chantal.clermont@gmail.com,"Lorem ipsum dolor sit amet, consectetur adipiscing elit. Cras quis enim vestibulum, accumsan ex in, laoreet metus. Cras lacus arcu, aliquam euismod pulvinar in, mollis a libero. Maecenas massa diam, auctor nec mollis eu, placerat a tortor. Nulla facilisi. Vestibulum tincidunt tristique commodo. Fusce varius dictum tellus ac facilisis. Donec pulvinar mattis mauris, eu convallis urna feugiat nec. Nullam scelerisque orci quam, at lacinia diam ornare vitae.",4.00,1,Mujer,40
Gilma Hiers,"Calle Núñez de Balboa 42, 2C, Sevilla",3/17/2015,Sevilla,gilma.hiers@gmail.com,"Lorem ipsum dolor sit amet, consectetur adipiscing elit. Cras quis enim vestibulum, accumsan ex in, laoreet metus. Cras lacus arcu, aliquam euismod pulvinar in, mollis a libero. Maecenas massa diam, auctor nec mollis eu, placerat a tortor. Nulla facilisi. Vestibulum tincidunt tristique commodo. Fusce varius dictum tellus ac facilisis. Donec pulvinar mattis mauris, eu convallis urna feugiat nec. Nullam scelerisque orci quam, at lacinia diam ornare vitae.",1.00,2,Mujer,34
Chaya Weishaupt,"Calle Sagasta 75, 4B, Sevilla",3/15/2015,Sevilla,chaya.weishaupt@gmail.com,"Lorem ipsum dolor sit amet, consectetur adipiscing elit. Cras quis enim vestibulum, accumsan ex in, laoreet metus. Cras lacus arcu, aliquam euismod pulvinar in, mollis a libero. Maecenas massa diam, auctor nec mollis eu, placerat a tortor. Nulla facilisi. Vestibulum tincidunt tristique commodo. Fusce varius dictum tellus ac facilisis. Donec pulvinar mattis mauris, eu convallis urna feugiat nec. Nullam scelerisque orci quam, at lacinia diam ornare vitae.",7.00,3,Hombre,40
Edward Eversole,"Calle Genova 52, 2A, Sevilla",3/14/2015,Sevilla,edward.eversole@gmail.com,"Lorem ipsum dolor sit amet, consectetur adipiscing elit. Cras quis enim vestibulum, accumsan ex in, laoreet metus. Cras lacus arcu, aliquam euismod pulvinar in, mollis a libero. Maecenas massa diam, auctor nec mollis eu, placerat a tortor. Nulla facilisi. Vestibulum tincidunt tristique commodo. Fusce varius dictum tellus ac facilisis. Donec pulvinar mattis mauris, eu convallis urna feugiat nec. Nullam scelerisque orci quam, at lacinia diam ornare vitae.",1.00,1,Mujer,44